[
  {
    "signatures": [
      {
        "signature": "sha256:dbaa088690a23a954eff669a99d2452a24dd9f10d866725ff5d29ff4740a897e",
        "filename": "vecmath-1.3.1.jar"
      },
      {
        "signature": "sha256:bb6ab3208b1a99770983770559c8da0948f3857e5d981993761c81ab251c8dbe",
        "filename": "CodeChickenCore 1.0.3.23.jar"
      },
      {
        "signature": "sha256:5048b7abac2460fe844b19f0b28a44fd51747ac2736986c9e25f1f9ff3f0b2bc",
        "filename": "realms-1.3.1.jar"
      },
      {
        "signature": "sha256:d66851394ccb3458246f8375f2153b548f12b40980c11d73c3f1a416e73906a2",
        "filename": "InventoryTweaksv1.58-147.jar"
      },
      {
        "signature": "sha256:b6d54654abe51c2a98003790eb61063a0c0ba65797c57d9117d0a1ff4be35061",
        "filename": "InputFix1.7.x-v2.jar"
      },
      {
        "signature": "sha256:6c3338a4062c13dc2ce61630d9854d361a81656a4050e5080302f500dd4a8832",
        "filename": "scala-xml_2.11-1.0.2.jar"
      },
      {
        "signature": "sha256:3aa616f5c56d2052fc5e3231f3e8cf1736f876caff0142a66096fc5b4dc87ae5",
        "filename": "scala-compiler-2.11.1.jar"
      },
      {
        "signature": "sha256:e1d81bd7532753d3a98b09752c4d6992f33601523ba121f22827fcb55ff71ed4",
        "filename": "DamageIndicatorsv3.2.0.jar"
      },
      {
        "signature": "sha256:f921abc9c792f594f7fc6fc06b4a7ea330b646ea5ed3785e3589f90b16b2aad1",
        "filename": "twitch-5.16.jar"
      },
      {
        "signature": "sha256:5fca136503f86ecc6cb61fbd17b137d59e56b45c7a5494e6b8fd3cabd4697fbd",
        "filename": "commons-compress-1.8.1.jar"
      },
      {
        "signature": "sha256:3c8616203d61a12a7e3487e8b34f3c198c2b5ba9e90da0c7ea32d99cd4958012",
        "filename": "trove4j-3.0.3.jar"
      },
      {
        "signature": "sha256:79b5a4f5829e1a49a415711f7fb8eb5b9ad22defa72929fda2da96ec30d3f018",
        "filename": "jinput-2.0.5.jar"
      },
      {
        "signature": "sha256:c087bb895c3ced26aa3b2ac92ee9d717bcb1b10bfb4f769054863d32b378a5e7",
        "filename": "Thaumcraft-1.7.10-4.2.0.1.jar"
      },
      {
        "signature": "sha256:c0328cd07ca9e363a5acd00c1cf4afe8cf554bd6d373834981ba05cebec687fb",
        "filename": "gson-2.2.4.jar"
      },
      {
        "signature": "sha256:147592c5eb8e11fc8394125954f877acf25918bae13aa210c2825aefc3030ed8",
        "filename": "icu4j-core-mojang-51.2.jar"
      },
      {
        "signature": "sha256:dcde6033b205433d6e9855c93740f798951fa3a3f252035a768d9f356fde806d",
        "filename": "log4j-core-2.0-beta9.jar"
      },
      {
        "signature": "sha256:2882d64550240dd0c026724da664d9f97ef205c91d6a85273d10790d88608f34",
        "filename": "soundsystem-20120107.jar"
      },
      {
        "signature": "sha256:eb0ca9bdd938f80711152a758d6bc331a8b0d769199d457294dc67ed03f73498",
        "filename": "log4j-api-2.0-beta9.jar"
      },
      {
        "signature": "sha256:b6730b432ddafaed1a13a10834fe648337bc69aba4ac31691f0ecb879cb4a20d",
        "filename": "forge-1.7.10-10.13.0.1208.jar"
      },
      {
        "signature": "sha256:bb7d17b340afe6abdfbfdaa03683bce4aef39a64887dbab0636eaff3cf2d59ba",
        "filename": "codecwav-20101023.jar"
      },
      {
        "signature": "sha256:5361d4179681043893be4e46488c9fccaad2b80430ca1ce200ed8890f77fd0e0",
        "filename": "scala-continuations-library_2.11-1.0.2.jar"
      },
      {
        "signature": "sha256:32d7e73005a2dc0ccc3c62470c435b351f6501de8e8718e26960534754570a77",
        "filename": "lwjgl_util-2.9.1.jar"
      },
      {
        "signature": "sha256:2c149735a093b6c65a27db760896ad5c5b06e29100bb8969937667784fef4ba0",
        "filename": "authlib-1.5.16.jar"
      },
      {
        "signature": "sha256:165b583b0b548405dd97019666f94a86ee1d1e3af227ae4dc82c6e27d6885bb1",
        "filename": "asm-all-4.1.jar"
      },
      {
        "signature": "sha256:6f4d95ddd9a5df79e5bf965cb7f8d49c28f0e61bb400ad318ecbb67032c0d40f",
        "filename": "悠酱：喵帕斯.jar"
      },
      {
        "signature": "sha256:795063ae7b5129efbde5080ed15709b2c110715b37f56d1fd04f991da5edfecb",
        "filename": "industrialcraft-2-2.2.636-experimental.jar"
      },
      {
        "signature": "sha256:5a1130bdd81b539ef63ac4614a4d1df576d668044064696e2bfea5f1c15ef78e",
        "filename": "akka-actor_2.11-2.3.3.jar"
      },
      {
        "signature": "sha256:70903f6fc82e9908c8da9f20443f61d90f0870a312642991fe8462a0b9391784",
        "filename": "commons-logging-1.1.3.jar"
      },
      {
        "signature": "sha256:96eaa32232b5a5b0f9afc121a0e1b2416e3dca50657b31e5431c0a04ae650552",
        "filename": "netty-all-4.0.10.Final.jar"
      },
      {
        "signature": "sha256:107d11509f6af59b8c2ba23df828bc5d3c4e067b58f3d858c7deb90ca5308f84",
        "filename": "librarylwjglopenal-20100824.jar"
      },
      {
        "signature": "sha256:cc6a41dc3eaacc9e440a6bd0d2890b20d36b4ee408fe2d67122f328bb6e01581",
        "filename": "commons-io-2.4.jar"
      },
      {
        "signature": "sha256:bbb0bc82343c7ddd0cb7411a717619600c25a3afbecd017fa6c35f48edb14e06",
        "filename": "CodeChickenLib-1.7.10-1.1.1.101-universal.jar"
      },
      {
        "signature": "sha256:0c3085cb93c3ef95d731c274b6f2dd195aa0405fe9328d69cab7f5e899d5e124",
        "filename": "lzma-0.0.1.jar"
      },
      {
        "signature": "sha256:333bbefeff5eb1722dc9b8d2e26c38bc69c1efa07d0ca870480f29d8858aa336",
        "filename": "libraryjavasound-20101123.jar"
      },
      {
        "signature": "sha256:9844cc9b5440d65a88d28bcba9d771374d2dfdab898848cda164611091633013",
        "filename": "httpclient-4.3.3.jar"
      },
      {
        "signature": "sha256:af4d6162bc9527a6d59808b71635d44fa57173feff4387d3cdbcde7c558243bd",
        "filename": "SKC-Corev1.1.2.0.jar"
      },
      {
        "signature": "sha256:8b141026e0be476978015a789680f2e550c1bef4518065ff5dbf5ad640ea2164",
        "filename": "MouseTweaksv2.4.4.jar"
      },
      {
        "signature": "sha256:a5a0c5fb24e2d9ef9af39fa7f276233a3454c5c5ece604ccdffc71b14b742ffe",
        "filename": "CraftGuide-1.6.8.1.zip"
      },
      {
        "signature": "sha256:41938d1e89670979dd783102777a8b879999f4fb00a5b811b51c105b02a9d4f8",
        "filename": "scala-reflect-2.11.1.jar"
      },
      {
        "signature": "sha256:8dc73bb4d4b368c43c8c21ed298324ed3739f0024d9373d11da5c274d38984d5",
        "filename": "scala-continuations-plugin_2.11.1-1.0.2.jar"
      },
      {
        "signature": "sha256:8024c2503bf83efa7dff153fe024c1624f5f756be0ec5fc11c856fe420864d26",
        "filename": "commons-lang3-3.2.1.jar"
      },
      {
        "signature": "sha256:4a7c757d4d87dd37382bd777ad611b5875748aef148277cf25bb39eebb496d07",
        "filename": "scala-swing_2.11-1.0.1.jar"
      },
      {
        "signature": "sha256:e9105672d0d8acc8d2ad0f74eed05cec5dea4a7bf7a517b2c9b5580291a9deca",
        "filename": "CraftableHorseArmorv1.1.2.0.jar"
      },
      {
        "signature": "sha256:19495ce701fd9ba3c499c137e3ad5364acee8f87a01ef99e912f995a23fd4cb1",
        "filename": "scala-parser-combinators_2.11-1.0.1.jar"
      },
      {
        "signature": "sha256:8772f727448b8c68785331ae051cb5d80ac6ade14b36646eed101f621356b1b1",
        "filename": "OpenEyev0.6.jar"
      },
      {
        "signature": "sha256:e468e18bfcfa199388b91785ad6be5195c0ea76ab928d85fce27ced03f4042e9",
        "filename": "NEIPluginsv1.1.0.8.jar"
      },
      {
        "signature": "sha256:abd02320e2356f89d054dae4cf02306bef20a9cf7865b3ac94ec7552b4f1528b",
        "filename": "httpcore-4.3.2.jar"
      },
      {
        "signature": "sha256:c118f8d84313980f79e1e7f7ae4b14b10c2f20c77ea4a1c29f6f0b02bc139077",
        "filename": "lwjgl-2.9.1.jar"
      },
      {
        "signature": "sha256:fa917f4f3f6a76375134ba89a40d3a1ce807945a91bbdbe39c31f76e03030868",
        "filename": "guava-16.0.jar"
      },
      {
        "signature": "sha256:088bcb80f71b6e6a2a31d2fe7288c1fd64f19663ce281b924cdfab3fb105f4f3",
        "filename": "scala-library-2.11.1.jar"
      },
      {
        "signature": "sha256:c3334ff39cf0ab3b54925619101054c90098b7c733b1e7834c7b75e4c41e84a5",
        "filename": "jutils-1.0.0.jar"
      },
      {
        "signature": "sha256:9d816cba62ab082c565e180166f976ebfd977e05ff5a0fdd98c2cd195d2e4702",
        "filename": "NotEnoughItem1.0.3.51.jar"
      },
      {
        "signature": "sha256:c1eb1fe6c733e6c895430ac172391d6e2c4d9eee20b55c2abefb1c551615e530",
        "filename": "config-1.2.1.jar"
      },
      {
        "signature": "sha256:c69bbc03a0e8ec6a604b856f4c4923e19f93c505a6890629b5984d9053a3d9ca",
        "filename": "neiaddonsv1.12.2.9.jar"
      },
      {
        "signature": "sha256:bc435f95c03d525a9c207f89788da96a1568e2d4eaad24e2195a5dbd36609004",
        "filename": "Waila NEv1.5.4a.jar"
      },
      {
        "signature": "sha256:6c4b4e50e608763564afa1bde2d25ece9dd715e7c9129540faa1faded4896506",
        "filename": "codecjorbis-20101023.jar"
      },
      {
        "signature": "sha256:b89d0beb76df20c7b2c2bee59ba53b802cc48566bc3e89ac96ce6361c5c2ee38",
        "filename": "scala-actors-migration_2.11-1.1.0.jar"
      },
      {
        "signature": "sha256:ad19d2601c3abf0b946b5c3a4113e226a8c1e3305e395b90013b78dd94a723ce",
        "filename": "commons-codec-1.9.jar"
      },
      {
        "signature": "sha256:64335a48be6b142a7d0c13ec5c82a707857aa58c0234e6eda3eaca0e96eea51b",
        "filename": "jopt-simple-4.5.jar"
      },
      {
        "signature": "sha256:8fe70abb999d96383a63bffd657f21fec680a6b13850af1943bb46218833de65",
        "filename": "Baubles-1.7.10-1.0.1.7.jar"
      },
      {
        "signature": "sha256:22e000b0c8a1b4cd503d3d4e730ab42e9c29b26579d38a3f6264e7b277c7a614",
        "filename": "VoxelMapv1.0.jar"
      },
      {
        "signature": "sha256:8bb37fe90579df168a1d4d950cca87ea4299038045470ac0efe61bc4e6873ede",
        "filename": "launchwrapper-1.9.jar"
      },
      {
        "signature": "sha256:a0250933fe8cc6a44eb098016d4dadaba7746a27efc3d5a7f4f4c9bf247cfe09",
        "filename": "ejml-0.23.jar"
      }
    ],
    "addedSignatures": [
      "sha256:8fe70abb999d96383a63bffd657f21fec680a6b13850af1943bb46218833de65",
      "sha256:f921abc9c792f594f7fc6fc06b4a7ea330b646ea5ed3785e3589f90b16b2aad1",
      "sha256:0c3085cb93c3ef95d731c274b6f2dd195aa0405fe9328d69cab7f5e899d5e124",
      "sha256:5361d4179681043893be4e46488c9fccaad2b80430ca1ce200ed8890f77fd0e0",
      "sha256:fa917f4f3f6a76375134ba89a40d3a1ce807945a91bbdbe39c31f76e03030868",
      "sha256:6c3338a4062c13dc2ce61630d9854d361a81656a4050e5080302f500dd4a8832",
      "sha256:af4d6162bc9527a6d59808b71635d44fa57173feff4387d3cdbcde7c558243bd",
      "sha256:5a1130bdd81b539ef63ac4614a4d1df576d668044064696e2bfea5f1c15ef78e",
      "sha256:e468e18bfcfa199388b91785ad6be5195c0ea76ab928d85fce27ced03f4042e9",
      "sha256:abd02320e2356f89d054dae4cf02306bef20a9cf7865b3ac94ec7552b4f1528b",
      "sha256:c118f8d84313980f79e1e7f7ae4b14b10c2f20c77ea4a1c29f6f0b02bc139077",
      "sha256:a5a0c5fb24e2d9ef9af39fa7f276233a3454c5c5ece604ccdffc71b14b742ffe",
      "sha256:9844cc9b5440d65a88d28bcba9d771374d2dfdab898848cda164611091633013",
      "sha256:088bcb80f71b6e6a2a31d2fe7288c1fd64f19663ce281b924cdfab3fb105f4f3",
      "sha256:8dc73bb4d4b368c43c8c21ed298324ed3739f0024d9373d11da5c274d38984d5",
      "sha256:5fca136503f86ecc6cb61fbd17b137d59e56b45c7a5494e6b8fd3cabd4697fbd",
      "sha256:3c8616203d61a12a7e3487e8b34f3c198c2b5ba9e90da0c7ea32d99cd4958012",
      "sha256:96eaa32232b5a5b0f9afc121a0e1b2416e3dca50657b31e5431c0a04ae650552",
      "sha256:32d7e73005a2dc0ccc3c62470c435b351f6501de8e8718e26960534754570a77",
      "sha256:4a7c757d4d87dd37382bd777ad611b5875748aef148277cf25bb39eebb496d07",
      "sha256:bc435f95c03d525a9c207f89788da96a1568e2d4eaad24e2195a5dbd36609004",
      "sha256:c69bbc03a0e8ec6a604b856f4c4923e19f93c505a6890629b5984d9053a3d9ca",
      "sha256:bb6ab3208b1a99770983770559c8da0948f3857e5d981993761c81ab251c8dbe",
      "sha256:a0250933fe8cc6a44eb098016d4dadaba7746a27efc3d5a7f4f4c9bf247cfe09",
      "sha256:8024c2503bf83efa7dff153fe024c1624f5f756be0ec5fc11c856fe420864d26",
      "sha256:c3334ff39cf0ab3b54925619101054c90098b7c733b1e7834c7b75e4c41e84a5",
      "sha256:6f4d95ddd9a5df79e5bf965cb7f8d49c28f0e61bb400ad318ecbb67032c0d40f",
      "sha256:8b141026e0be476978015a789680f2e550c1bef4518065ff5dbf5ad640ea2164",
      "sha256:ad19d2601c3abf0b946b5c3a4113e226a8c1e3305e395b90013b78dd94a723ce",
      "sha256:6c4b4e50e608763564afa1bde2d25ece9dd715e7c9129540faa1faded4896506",
      "sha256:79b5a4f5829e1a49a415711f7fb8eb5b9ad22defa72929fda2da96ec30d3f018",
      "sha256:b89d0beb76df20c7b2c2bee59ba53b802cc48566bc3e89ac96ce6361c5c2ee38",
      "sha256:bbb0bc82343c7ddd0cb7411a717619600c25a3afbecd017fa6c35f48edb14e06",
      "sha256:b6d54654abe51c2a98003790eb61063a0c0ba65797c57d9117d0a1ff4be35061",
      "sha256:3aa616f5c56d2052fc5e3231f3e8cf1736f876caff0142a66096fc5b4dc87ae5",
      "sha256:9d816cba62ab082c565e180166f976ebfd977e05ff5a0fdd98c2cd195d2e4702",
      "sha256:8772f727448b8c68785331ae051cb5d80ac6ade14b36646eed101f621356b1b1",
      "sha256:5048b7abac2460fe844b19f0b28a44fd51747ac2736986c9e25f1f9ff3f0b2bc",
      "sha256:2c149735a093b6c65a27db760896ad5c5b06e29100bb8969937667784fef4ba0",
      "sha256:cc6a41dc3eaacc9e440a6bd0d2890b20d36b4ee408fe2d67122f328bb6e01581",
      "sha256:d66851394ccb3458246f8375f2153b548f12b40980c11d73c3f1a416e73906a2",
      "sha256:dbaa088690a23a954eff669a99d2452a24dd9f10d866725ff5d29ff4740a897e",
      "sha256:107d11509f6af59b8c2ba23df828bc5d3c4e067b58f3d858c7deb90ca5308f84",
      "sha256:64335a48be6b142a7d0c13ec5c82a707857aa58c0234e6eda3eaca0e96eea51b",
      "sha256:e9105672d0d8acc8d2ad0f74eed05cec5dea4a7bf7a517b2c9b5580291a9deca",
      "sha256:70903f6fc82e9908c8da9f20443f61d90f0870a312642991fe8462a0b9391784",
      "sha256:795063ae7b5129efbde5080ed15709b2c110715b37f56d1fd04f991da5edfecb",
      "sha256:e1d81bd7532753d3a98b09752c4d6992f33601523ba121f22827fcb55ff71ed4",
      "sha256:22e000b0c8a1b4cd503d3d4e730ab42e9c29b26579d38a3f6264e7b277c7a614",
      "sha256:2882d64550240dd0c026724da664d9f97ef205c91d6a85273d10790d88608f34",
      "sha256:c0328cd07ca9e363a5acd00c1cf4afe8cf554bd6d373834981ba05cebec687fb",
      "sha256:eb0ca9bdd938f80711152a758d6bc331a8b0d769199d457294dc67ed03f73498",
      "sha256:8bb37fe90579df168a1d4d950cca87ea4299038045470ac0efe61bc4e6873ede",
      "sha256:19495ce701fd9ba3c499c137e3ad5364acee8f87a01ef99e912f995a23fd4cb1",
      "sha256:c087bb895c3ced26aa3b2ac92ee9d717bcb1b10bfb4f769054863d32b378a5e7",
      "sha256:333bbefeff5eb1722dc9b8d2e26c38bc69c1efa07d0ca870480f29d8858aa336",
      "sha256:bb7d17b340afe6abdfbfdaa03683bce4aef39a64887dbab0636eaff3cf2d59ba",
      "sha256:c1eb1fe6c733e6c895430ac172391d6e2c4d9eee20b55c2abefb1c551615e530",
      "sha256:41938d1e89670979dd783102777a8b879999f4fb00a5b811b51c105b02a9d4f8",
      "sha256:b6730b432ddafaed1a13a10834fe648337bc69aba4ac31691f0ecb879cb4a20d",
      "sha256:147592c5eb8e11fc8394125954f877acf25918bae13aa210c2825aefc3030ed8",
      "sha256:165b583b0b548405dd97019666f94a86ee1d1e3af227ae4dc82c6e27d6885bb1",
      "sha256:dcde6033b205433d6e9855c93740f798951fa3a3f252035a768d9f356fde806d"
    ],
    "removedSignatures": [],
    "workTime": 798660.94,
    "language": "zh_CN",
    "locale": "zh_CN",
    "timezone": "Asia/Shanghai",
    "branding": [
      "Minecraft 1.7.10",
      "MCP v9.05",
      "FML v7.10.25.1208",
      "Minecraft Forge 10.13.0.1208",
      "24 mods loaded, 24 mods active"
    ],
    "runtime": {
      "mcp": "MCP v9.05",
      "fml": "7.10.25.1208",
      "forge": "10.13.0.1208"
    },
    "minecraft": "Minecraft 1.7.10",
    "javaVersion": "Oracle Corporation 1.7.0_67",
    "side": "client",
    "obfuscated": true,
    "type": "analytics"
  }
]